-5.0,-0.045708387083263885
-4.99,-0.31289238083613335
-4.98,-0.057447106810265935
-4.97,-1.1708432301301088
-4.96,-0.10566357279339889
-4.95,-0.3929224912432452
-4.94,0.16768626528866415
-4.93,-1.6523205452939123
-4.92,-0.35271956509139735
-4.91,-1.3203332674348207
-4.9,-1.8554877885863221
-4.89,-0.7502341641802347
-4.88,0.02814858209547577
-4.87,-1.024343515271201
-4.86,-1.0209592337913032
-4.85,-1.0634341876571562
-4.84,-1.3465198425877145
-4.83,-1.1603898235602295
-4.82,-0.7506060973945659
-4.81,-0.4097548125656234
-4.8,0.06210761249016883
-4.79,0.10609142834205398
-4.78,0.18757749067546692
-4.77,0.19376788674966017
-4.76,-0.29224405267790043
-4.75,0.3882661368435252
-4.74,-0.3666856764195114
-4.73,-0.7548351425439424
-4.72,0.2727513195222398
-4.71,-0.9298084905460805
-4.7,0.7646717449439983
-4.69,0.6421194430683126
-4.68,0.5036808578241073
-4.67,0.5888151230336467
-4.66,0.8931049500669319
-4.65,0.9487573014107251
-4.64,0.084076634216813
-4.63,-0.3908902847890774
-4.62,1.4561117287302983
-4.61,1.0552736624808086
-4.6,0.9361111018506845
-4.59,1.7758514741078728
-4.58,0.7489446158296269
-4.57,1.10244734049762
-4.56,1.7828720944211138
-4.55,0.8682936033388047
-4.54,1.9077278710947425
-4.53,0.4671487151721819
-4.52,0.8049953848708777
-4.51,0.38934474891036297
-4.5,0.18983174844866435
-4.49,0.5915942367637697
-4.48,0.7902166513107883
-4.47,0.8887810937945566
-4.46,1.6934053329120895
-4.45,1.4882786694204477
-4.4399999999999995,0.3017090292781187
-4.43,1.650446451830949
-4.42,0.3165151502644341
-4.41,0.8641771541133494
-4.4,1.0808444132239106
-4.39,0.7662781603717385
-4.38,0.9773272173406545
-4.37,-0.018094090794625844
-4.36,0.15222026340096345
-4.35,-0.9246980014130124
-4.34,0.9001782828750949
-4.33,0.612039144332544
-4.32,-1.0865991986070114
-4.3100000000000005,-1.036552537282172
-4.3,-0.8818111986293746
-4.29,-1.270312621960498
-4.28,-1.131170154385461
-4.27,-1.3998577467974327
-4.26,-0.7487204367140646
-4.25,-1.0302495285409004
-4.24,-1.3932175974452194
-4.23,-0.16984182239261558
-4.22,0.08907039931949468
-4.21,-0.7210148684108247
-4.2,-0.8799432045504045
-4.1899999999999995,-0.35587406323537996
-4.18,-1.4588017691930348
-4.17,-0.31080533807677446
-4.16,-1.3646081113411155
-4.15,-1.0814656310581192
-4.14,-1.8868951821585696
-4.13,-1.3155151035550046
-4.12,-0.25664841931721005
-4.11,-0.05408915558402205
-4.1,-0.7766453287656198
-4.09,-0.7533355038824077
-4.08,-1.1903189677765944
-4.07,0.16827232702169148
-4.0600000000000005,-0.6009370265280889
-4.05,0.3365217592671893
-4.04,0.4009262802634236
-4.03,-0.5181437453415783
-4.02,-0.33092829778547606
-4.01,0.3049013387713647
-4.0,-0.2285628553863448
-3.99,0.4986072642334548
-3.98,0.3201142558736348
-3.9699999999999998,0.5262463967330897
-3.96,0.3357523070345342
-3.95,-0.7700882667245765
-3.94,0.5893636360474721
-3.9299999999999997,0.4085637332721103
-3.92,0.48979601262408623
-3.91,-0.19935906687278265
-3.9,0.8374646281227218
-3.8899999999999997,0.8576106100211868
-3.88,1.1462928091658031
-3.87,1.0066746655636718
-3.8600000000000003,0.27939664090329497
-3.85,0.25948312930701256
-3.84,-0.08567896444653622
-3.83,0.7967252472115016
-3.8200000000000003,0.4462939724825463
-3.81,1.0946966944299659
-3.8,-0.02003390250634962
-3.79,1.0894510800028734
-3.7800000000000002,0.2096464230886852
-3.77,0.4082728656945229
-3.76,1.4345867003049868
-3.75,1.7295266253518093
-3.74,0.42010841433964197
-3.73,1.534276984003915
-3.7199999999999998,0.0492596490780256
-3.71,0.8415126293983893
-3.7,0.9964427231118798
-3.69,1.7096710764731151
-3.6799999999999997,1.3085110070820423
-3.67,1.3580322758116714
-3.66,0.6459087679262154
-3.65,0.5112499464274118
-3.6399999999999997,-0.10653382688193425
-3.63,0.07890447863706829
-3.62,1.3056690199662446
-3.6100000000000003,1.410813408382651
-3.6,0.7440531428829439
-3.59,0.2605061647591754
-3.58,-0.13447142039926296
-3.5700000000000003,1.1675848224698973
-3.56,-0.668128392296208
-3.55,-0.5602673071390121
-3.54,0.765537408164716
-3.5300000000000002,-0.7367769922231985
-3.52,-0.16020368456641657
-3.51,-1.0354990615992827
-3.5,0.6576819941014225
-3.49,0.13359089821822817
-3.48,-1.4286806352043464
-3.4699999999999998,-1.4672030384770494
-3.46,-1.5209294154110422
-3.45,-1.4372581277446954
-3.44,0.10205675564893679
-3.4299999999999997,-0.0651869266987054
-3.42,-0.9953183359411488
-3.41,-0.7216241858586577
-3.4,-0.5622432027549977
-3.3899999999999997,-0.8522459317414337
-3.38,-0.7690956329537627
-3.37,-0.47570261096195243
-3.3600000000000003,-1.2424449112222518
-3.35,-1.0495749431037535
-3.34,-1.2132432795457497
-3.33,-1.8158071764138874
-3.3200000000000003,-1.8018719874490967
-3.31,-0.6952540247742064
-3.3,-0.02217328358277404
-3.29,-1.107673393915764
-3.2800000000000002,-1.426190007044126
-3.27,-0.10612264983613995
-3.26,0.03864728764831382
-3.25,-0.509447731618635
-3.24,-0.0703420064266479
-3.23,-1.588312042939135
-3.2199999999999998,-0.2976108207520143
-3.21,0.17733212957337652
-3.2,-0.6111244283528509
-3.19,-0.5341487003149893
-3.1799999999999997,0.2924400507696959
-3.17,-0.25672845911236597
-3.16,-1.1170520040901168
-3.15,0.2869229680726939
-3.1399999999999997,0.1986303439377653
-3.13,-0.6010055455351189
-3.12,0.04228530414721893
-3.1100000000000003,-1.1716742019020063
-3.1,-1.1784317526682424
-3.09,0.8750141622972339
-3.08,-0.22287211184799788
-3.0700000000000003,-0.7027475816899806
-3.06,-0.14824427797789302
-3.05,-0.2904096552085647
-3.04,-0.10706929447634561
-3.0300000000000002,-0.3259166119987445
-3.02,0.09587242279262531
-3.01,-0.06059555351253215
-3.0,-0.5385907994963879
-2.99,1.3580122407286837
-2.98,0.9708333874744793
-2.97,0.7692301486077946
-2.96,1.6079014482761163
-2.95,0.7191654887709992
-2.94,1.2569477495693098
-2.93,1.2206216194157613
-2.92,0.8776715024504173
-2.91,0.04260014160062031
-2.9,1.734726498942894
-2.89,1.2459891403286705
-2.88,1.408249858644608
-2.87,1.1171592858358923
-2.86,0.9256084029584694
-2.85,1.3432761710005479
-2.84,1.7618771216864617
-2.83,0.5522580730440765
-2.82,0.3150903376682854
-2.81,1.3177939247030648
-2.8,1.4615830681704183
-2.79,1.798264739028954
-2.78,1.1574648029470749
-2.77,0.51161008950229
-2.76,1.0263965210385861
-2.75,0.8012281590295705
-2.74,1.2445775461710027
-2.73,0.5572228154053774
-2.72,1.6156427256516532
-2.71,0.2402883744970199
-2.7,0.8667287939924728
-2.69,1.511085882795516
-2.68,0.2692411857798277
-2.67,1.376187829787764
-2.66,0.6020454558684022
-2.65,1.0838784548677403
-2.64,0.1703711640245964
-2.63,0.6818793133476102
-2.62,1.5413556678811775
-2.61,0.6082421794543819
-2.6,0.3588236551691332
-2.59,0.631302021684634
-2.58,1.0887962140664256
-2.57,0.37103182621061465
-2.56,-0.11219167419552284
-2.55,0.28997272700818744
-2.54,0.5740841033067934
-2.53,0.9859500152332994
-2.52,-0.4560678631769901
-2.51,-0.31888907315141735
-2.5,0.5705791059983749
-2.49,0.5937589353356737
-2.48,-0.06048666940301467
-2.47,0.2935893328841472
-2.46,0.03396324972358991
-2.45,-0.14891583990053459
-2.44,0.038342856357379274
-2.43,0.5530734457776845
-2.42,0.15955927835328998
-2.41,-0.09485254496553447
-2.4,-1.0095493901856374
-2.39,-0.4047136253652741
-2.38,-0.797992486784927
-2.37,-1.1494110780585611
-2.36,-1.4716164607481312
-2.35,-0.7395927265226137
-2.34,-1.5907805280774228
-2.33,-0.4741389142630862
-2.32,-0.8830503968538207
-2.31,-1.1298136721360728
-2.3,-0.30677560426918105
-2.29,-0.06949774458620384
-2.28,-1.449668134253675
-2.27,0.05443274535242115
-2.26,-1.306274954596638
-2.25,-0.969079267656669
-2.24,-1.2450735068242587
-2.23,-0.33889145249078967
-2.22,-1.5141198598108296
-2.21,-0.7288512442297604
-2.2,-0.8167900187095044
-2.19,-0.38566328706326436
-2.18,-0.6579682622909034
-2.17,-1.2836503010379994
-2.16,-0.6266073581983308
-2.15,-0.5227905738385881
-2.14,-1.3222017274415454
-2.13,-1.569307964451987
-2.12,-0.9984313840543884
-2.11,-1.5686391115727172
-2.1,-1.4038418379431232
-2.09,-1.5724703443809485
-2.08,-0.932474467382587
-2.07,-1.5971536465386338
-2.06,-1.7111490983784226
-2.05,-1.6713413270187263
-2.04,-1.2676689389391678
-2.03,-0.8560506060864008
-2.02,-1.0373721564935883
-2.01,-1.2692512142508683
-2.0,-1.2347317674587832
-1.9900000000000002,-0.7768818745906758
-1.98,-0.07141071864420745
-1.9700000000000002,0.20087779242062132
-1.96,-1.4403549517206962
-1.9500000000000002,0.08031061952786767
-1.94,0.026048281377155647
-1.9300000000000002,-1.1905737463206958
-1.92,-0.7585400490562252
-1.9100000000000001,-0.42739062583522
-1.9,-1.3519330549128104
-1.8900000000000001,0.15742021946491125
-1.88,0.5218574810860808
-1.87,-1.2349551988013523
-1.8599999999999999,-0.705984599218249
-1.85,-0.03326102563749017
-1.8399999999999999,-0.3662348516198801
-1.83,-0.8858530307487091
-1.8199999999999998,-0.20479185244682382
-1.81,0.4754334952173624
-1.7999999999999998,-1.0549449764583354
-1.79,0.6468239331378092
-1.7799999999999998,-0.8571230680090619
-1.77,0.1167326373759883
-1.7599999999999998,0.6550294476475558
-1.75,-0.7452552815567158
-1.7400000000000002,-0.8065568627981108
-1.73,-0.7408591811862753
-1.7200000000000002,0.357983337970764
-1.71,0.8044840777978094
-1.7000000000000002,0.4342578058070937
-1.69,1.1463620525360885
-1.6800000000000002,0.19705000619610313
-1.67,-0.5937354517699245
-1.6600000000000001,0.46367925084936257
-1.65,0.5996122720337413
-1.6400000000000001,0.8334908740193159
-1.63,0.8892106117916215
-1.62,-0.12743581070630572
-1.6099999999999999,-0.4687883717748711
-1.6,1.5210429978946847
-1.5899999999999999,0.29860746453147424
-1.58,0.8099498051501886
-1.5699999999999998,-0.13282355452037553
-1.56,1.2018920368988324
-1.5499999999999998,0.06073638960028438
-1.54,0.6739082569480341
-1.5299999999999998,1.0878584402781184
-1.52,0.7302908374279837
-1.5099999999999998,1.3534352937294738
-1.5,1.089258990818931
-1.4900000000000002,1.269507398463928
-1.48,1.0817976344486744
-1.4700000000000002,1.1756129756133094
-1.46,0.6170252979017797
-1.4500000000000002,1.2459611918692857
-1.44,0.7205603243478129
-1.4300000000000002,1.6265216647786929
-1.42,0.48622704064480515
-1.4100000000000001,1.3084956647584858
-1.4,1.1740263701220348
-1.3900000000000001,-0.014327956965597188
-1.38,0.046802181341812354
-1.37,0.7231933094360227
-1.3599999999999999,1.3039111117779827
-1.35,0.3268515643247618
-1.3399999999999999,0.6131539243989067
-1.33,0.2690195507620097
-1.3199999999999998,1.7642095797911121
-1.31,1.604785537930892
-1.2999999999999998,0.90102234676932
-1.29,0.9861213486723621
-1.2799999999999998,1.7014898242986
-1.27,1.4205579913380229
-1.2599999999999998,0.35608364538960013
-1.25,0.3726922902644826
-1.2400000000000002,1.8796593207614205
-1.23,1.0019868386024502
-1.2200000000000002,0.3308803894497122
-1.21,0.3800747737369329
-1.2000000000000002,0.10084782045835317
-1.19,1.3277266389923397
-1.1800000000000002,1.287392064146053
-1.17,1.7295991052737738
-1.1600000000000001,0.04600372492203264
-1.15,0.778949146598793
-1.1400000000000001,0.9857557106876874
-1.13,0.31098633576747703
-1.12,1.4732537021698047
-1.1099999999999999,1.220030445712514
-1.1,-0.03464891415249516
-1.0899999999999999,1.7209695301331305
-1.08,0.08902790510098335
-1.0699999999999998,-0.010249030176257223
-1.06,0.5326658558085974
-1.0499999999999998,1.3621172767954746
-1.04,1.3464067236593948
-1.0299999999999998,-0.07290700766516234
-1.02,-0.0589382582550354
-1.0099999999999998,-0.054330682877663294
-1.0,-0.0729025842711517
-0.9900000000000002,0.26079838949430356
-0.9800000000000004,1.4807633664000437
-0.9699999999999998,1.7285245044325945
-0.96,1.7279024508974572
-0.9500000000000002,-0.040573732178843525
-0.9400000000000004,0.7930953201222849
-0.9299999999999997,1.363346827680357
-0.9199999999999999,-0.2005059732638077
-0.9100000000000001,-0.03126978489651233
-0.9000000000000004,0.8811972548008258
-0.8899999999999997,0.8520859668755056
-0.8799999999999999,-0.12523720578888087
-0.8700000000000001,1.6557509032277709
-0.8600000000000003,0.01014727079494182
-0.8499999999999996,0.7670343518874914
-0.8399999999999999,0.8759612084276496
-0.8300000000000001,-0.2659008311090042
-0.8200000000000003,-0.027370100352663185
-0.8099999999999996,-0.360127045897485
-0.7999999999999998,1.104316229157916
-0.79,0.9624826339148267
-0.7800000000000002,0.041985693306222815
-0.7699999999999996,0.21798464407294926
-0.7599999999999998,-0.3072626773684618
-0.75,0.9886062318130163
-0.7400000000000002,0.34268428286322206
-0.7300000000000004,1.1486429447014592
-0.7199999999999998,1.3417013691317008
-0.71,0.85315665882096
-0.7000000000000002,1.3389648196927777
-0.6900000000000004,-0.42448785255626525
-0.6799999999999997,0.3603463523937423
-0.6699999999999999,-0.12634283965979642
-0.6600000000000001,-0.3244089304538776
-0.6500000000000004,0.1182216784135699
-0.6399999999999997,-0.4007382298500517
-0.6299999999999999,0.8955585730843169
-0.6200000000000001,0.7003725271521342
-0.6100000000000003,0.7546083067911471
-0.5999999999999996,0.9884145910982709
-0.5899999999999999,1.2280103987975093
-0.5800000000000001,0.6563044154639894
-0.5700000000000003,0.23654468141969032
-0.5599999999999996,1.083103486012008
-0.5499999999999998,-0.02566710110741599
-0.54,0.7518839013386043
-0.5300000000000002,0.8441036227701308
-0.5199999999999996,-0.7272120317859558
-0.5099999999999998,-0.07770907156055029
-0.5,1.1013626179287994
-0.4900000000000002,0.5191343035783512
-0.4800000000000004,0.12209114236228236
-0.46999999999999975,-0.3231529226277422
-0.45999999999999996,0.8723986589951713
-0.4500000000000002,-0.281845028616017
-0.4400000000000004,0.6902283770591139
-0.4299999999999997,-0.7018493672154467
-0.41999999999999993,-0.11322569703257068
-0.41000000000000014,0.6857948150810214
-0.40000000000000036,0.6145674782580832
-0.3899999999999997,0.35009595449245623
-0.3799999999999999,0.3905491026301703
-0.3700000000000001,0.27384623648446504
-0.3600000000000003,-0.7540213026124992
-0.34999999999999964,0.9698644009313977
-0.33999999999999986,-0.25677904598382056
-0.33000000000000007,-0.08268366138204997
-0.3200000000000003,0.1880868292496949
-0.3099999999999996,0.33643814876222683
-0.2999999999999998,-0.6288289196304744
-0.29000000000000004,-0.0723050290180647
-0.28000000000000025,-0.7805103594388513
-0.2699999999999996,0.7461571674180254
-0.2599999999999998,0.4888714907863805
-0.25,-0.12501531164167304
-0.2400000000000002,0.7674610928279377
-0.23000000000000043,-0.6040359103366204
-0.21999999999999975,0.8120376038021166
-0.20999999999999996,0.5038660798898079
-0.20000000000000018,0.8536103791160554
-0.1900000000000004,-0.06993635740733876
-0.17999999999999972,0.7701109366550264
-0.16999999999999993,-0.6342999501948839
-0.16000000000000014,0.7464211271518063
-0.15000000000000036,-0.17670102198420773
-0.13999999999999968,0.5711597932438134
-0.1299999999999999,0.14689710829237368
-0.1200000000000001,-0.5674520799964238
-0.11000000000000032,-0.2453735875296419
-0.09999999999999964,0.8804904236120356
-0.08999999999999986,0.5355110409917301
-0.08000000000000007,0.4582011599445224
-0.07000000000000028,-0.7333516255108309
-0.05999999999999961,-0.15503753335035983
-0.04999999999999982,-0.6082563722839269
-0.040000000000000036,-0.3060963415374443
-0.03000000000000025,-0.7877584480811015
-0.019999999999999574,-0.27179335403484034
-0.009999999999999787,0.9743739052657635
0.0,-0.8596442609282477
0.009999999999999787,-0.24310332680657645
0.019999999999999574,-0.48235420744267526
0.03000000000000025,0.023955031295670046
0.040000000000000036,0.02009889780564841
0.04999999999999982,-0.9645370821726189
0.05999999999999961,-0.47757711644111434
0.07000000000000028,0.6149482055742584
0.08000000000000007,0.0891210899454309
0.08999999999999986,-0.04542998897658814
0.09999999999999964,0.20204352357939886
0.11000000000000032,-0.13720692271393853
0.1200000000000001,-0.6455002606102833
0.1299999999999999,-0.9129232523159189
0.13999999999999968,0.24874294898253382
0.15000000000000036,0.8082407878555319
0.16000000000000014,-0.8013677747268079
0.16999999999999993,0.1224755791490067
0.17999999999999972,0.2922909346487888
0.1900000000000004,-0.8998953671528543
0.20000000000000018,0.28755508788752376
0.20999999999999996,0.9172587597597476
0.21999999999999975,0.5041510932483837
0.23000000000000043,-0.541088944510153
0.2400000000000002,0.5803094569077816
0.25,-0.16816971217817847
0.2599999999999998,0.8486144857377356
0.2699999999999996,0.3277622457510337
0.28000000000000025,0.258259318768479
0.29000000000000004,-0.2543727183710027
0.2999999999999998,-0.23827025130178273
0.3099999999999996,0.6030493142291208
0.3200000000000003,-0.5422741003751927
0.33000000000000007,0.909690631951752
0.33999999999999986,0.634556129407678
0.34999999999999964,0.8864837173024418
0.3600000000000003,-0.6837472882206329
0.3700000000000001,0.6260038179499073
0.3799999999999999,-0.3645317026003233
0.3899999999999997,-0.6887583827403907
0.40000000000000036,1.0322688774149238
0.41000000000000014,0.6354975945094863
0.41999999999999993,1.1269448071931258
0.4299999999999997,0.6688454901718872
0.4400000000000004,-0.6101272725991275
0.4500000000000002,0.051694829251733604
0.45999999999999996,0.21547606817955997
0.46999999999999975,-0.7002657296866485
0.4800000000000004,0.5149094113924422
0.4900000000000002,0.6945493919902156
0.5,-0.18107055426120192
0.5099999999999998,1.0093019645682921
0.5199999999999996,0.5054702362303753
0.5300000000000002,0.759109807384226
0.54,0.043914066946949326
0.5499999999999998,1.1325127485109343
0.5599999999999996,0.0193944543080683
0.5700000000000003,-0.10378190483155358
0.5800000000000001,0.6363888525370507
0.5899999999999999,0.7940283658594212
0.5999999999999996,-0.09669297291907158
0.6100000000000003,-0.01246926774828272
0.6200000000000001,0.8019627080083482
0.6299999999999999,-0.6028872256288306
0.6399999999999997,0.5121795641624793
0.6500000000000004,1.1647278482334156
0.6600000000000001,0.7880371574678056
0.6699999999999999,0.42340533098969246
0.6799999999999997,0.4953541886447422
0.6900000000000004,-0.04714529373549309
0.7000000000000002,0.27814578870647444
0.71,-0.2630155796642064
0.7199999999999998,-0.48557602223464613
0.7300000000000004,-0.1896826132917353
0.7400000000000002,-0.13045208803718655
0.75,0.7599688855746772
0.7599999999999998,-0.3896843740285142
0.7699999999999996,-0.20686675444383085
0.7800000000000002,-0.3116634376312286
0.79,1.1232353495515726
0.7999999999999998,-0.24862500841644908
0.8099999999999996,0.5886143444291354
0.8200000000000003,1.5420250058227083
0.8300000000000001,0.694655353504339
0.8399999999999999,1.471206737419071
0.8499999999999996,0.7437402824683224
0.8600000000000003,-0.08222227765670953
0.8700000000000001,1.2485863985130736
0.8799999999999999,0.4444753723723547
0.8899999999999997,1.5560559397333824
0.9000000000000004,0.6051564155661939
0.9100000000000001,1.4641775521914617
0.9199999999999999,1.3508255571914896
0.9299999999999997,0.8000060487238031
0.9400000000000004,1.755454162019086
0.9500000000000002,1.4263793281939234
0.96,1.4415344760029614
0.9699999999999998,1.2291982039830882
0.9800000000000004,0.7853930659978257
0.9900000000000002,0.3523758084865778
1.0,-0.14953863989108318
1.0099999999999998,1.6251637117006612
1.0199999999999996,1.6911657628923331
1.0300000000000002,-0.1225159913196493
1.04,0.8803121879070874
1.0499999999999998,0.05576270182911358
1.0599999999999996,1.0595030612975433
1.0700000000000003,0.9083951865525481
1.08,0.24719206585365028
1.0899999999999999,0.9614602248568065
1.0999999999999996,1.3456524162555135
1.1100000000000003,0.7879594084692949
1.12,1.5808688998924052
1.13,1.7052756142110006
1.1399999999999997,0.8338573126766605
1.1500000000000004,1.3145439665417924
1.1600000000000001,0.35512666534575166
1.17,0.3022878363287589
1.1799999999999997,1.1041283172248229
1.1900000000000004,1.0203238266950359
1.2000000000000002,1.8620391208810108
1.21,0.18715569143668265
1.2199999999999998,0.7998011682409589
1.2300000000000004,1.0366897309897114
1.2400000000000002,0.8459476295275625
1.25,0.08319125498154711
1.2599999999999998,1.0235794657469095
1.2699999999999996,0.8612890193764828
1.2800000000000002,0.977380022821698
1.29,1.3041020482847885
1.2999999999999998,0.7854632583274884
1.3099999999999996,0.39004102495473647
1.3200000000000003,0.474100723654852
1.33,1.1495955224841214
1.3399999999999999,0.5841671781592076
1.3499999999999996,1.6887975013609378
1.3600000000000003,1.865934405885584
1.37,1.4486182626847492
1.38,0.42433480499480536
1.3899999999999997,0.1531459801784799
1.4000000000000004,1.1519597113067044
1.4100000000000001,1.7590787401544807
1.42,1.3550594361904413
1.4299999999999997,-0.058817593529504775
1.4400000000000004,0.4131210508133356
1.4500000000000002,1.2504818550661225
1.46,0.9609237656808441
1.4699999999999998,0.8629073441737819
1.4800000000000004,0.32026080292240444
1.4900000000000002,-0.1240196489021278
1.5,1.1449737434489826
1.5099999999999998,1.2712269184326788
1.5199999999999996,0.9170257808273004
1.5300000000000002,0.08292641557371183
1.54,1.013745492278121
1.5499999999999998,-0.07663109673879731
1.5599999999999996,0.5590554747752445
1.5700000000000003,1.0160850124089167
1.58,0.7076660464790867
1.5899999999999999,1.2678513010211212
1.5999999999999996,-0.04468753096882028
1.6100000000000003,-0.06475257010943591
1.62,-0.3841475340323889
1.63,1.1609685073359368
1.6399999999999997,0.884367863838672
1.6500000000000004,0.39906218566090373
1.6600000000000001,0.5725360669898953
1.67,-0.3719107662162782
1.6799999999999997,-0.6520925270261207
1.6900000000000004,-0.34052190716902664
1.7000000000000002,0.35304135135246273
1.71,-0.04111368036140087
1.7199999999999998,0.6756780960030793
1.7300000000000004,0.6662721366106437
1.7400000000000002,0.07045293888305398
1.75,-0.8380514226754886
1.7599999999999998,-0.589455021069732
1.7699999999999996,-0.9012871965242473
1.7800000000000002,0.9198066184941088
1.79,-0.3969485127984631
1.7999999999999998,-0.3207136489895787
1.8099999999999996,-1.0785121816421785
1.8200000000000003,-0.8751577712565165
1.83,-0.487307694811478
1.8399999999999999,0.1942023960952863
1.8499999999999996,-0.8953964228584894
1.8600000000000003,-1.0869374358474189
1.87,-1.027676774925496
1.88,0.03257049717770716
1.8899999999999997,-0.6479585403793906
1.9000000000000004,-0.1219575710372936
1.9100000000000001,-0.02495451234853613
1.92,-1.0945681263062954
1.9299999999999997,-0.04846484571551812
1.9400000000000004,-0.8163616597041324
1.9500000000000002,0.20535422441196116
1.96,-1.2458517084508864
1.9699999999999998,0.18791215459064403
1.9800000000000004,-0.2770486742092211
1.9900000000000002,-1.706144707501213
2.0,0.20262140751800417
2.01,-0.844979187463158
2.0199999999999996,-1.4343995068561415
2.0300000000000002,-0.5232985488922312
2.04,-0.35497818674556714
2.05,-1.7436556479742704
2.0599999999999996,-0.18993143929337652
2.0700000000000003,-1.1741727039113719
2.08,-1.4366716491815823
2.09,-1.7980184779505353
2.0999999999999996,-1.6964148858390522
2.1100000000000003,-1.4851104892213538
2.12,-1.954066233022882
2.13,-1.1102454798584742
2.1399999999999997,-0.3997819921384387
2.1500000000000004,-0.05284971052384013
2.16,-1.5819732113636125
2.17,-1.7992172987352055
2.1799999999999997,-1.001452079790436
2.1900000000000004,-1.0046299332578315
2.2,-1.6035851553099842
2.21,-0.5550580135454163
2.2199999999999998,-1.466494470395396
2.2300000000000004,-0.909893800297411
2.24,-1.7540924815717145
2.25,-1.0407920220586337
2.26,-0.6073444532416148
2.2699999999999996,-1.5583561040053446
2.2800000000000002,-0.9586655555396965
2.29,-0.8080384225028486
2.3,-1.6145838448312197
2.3099999999999996,-1.7078860444018367
2.3200000000000003,-0.6712742239036796
2.33,-1.50108627271497
2.34,-1.185592837789187
2.3499999999999996,-1.2318176028489616
2.3600000000000003,-0.7688628101211431
2.37,-1.1686137240330408
2.38,0.38132217268903645
2.3899999999999997,-0.3589757038053033
2.4000000000000004,0.35905580620500555
2.41,0.5152627280918649
2.42,-0.39457466494147875
2.4299999999999997,-0.9008770768613468
2.4400000000000004,-0.23772583142228582
2.45,-0.6009987705584836
2.46,-0.35902572640885044
2.4699999999999998,0.5007624829475483
2.4800000000000004,-0.400426641804393
2.49,-0.20832141883452607
2.5,0.3505723324932102
2.51,0.9969078132326561
2.5199999999999996,-0.7954931705783375
2.5300000000000002,0.8171098801805052
2.54,0.024654722421153463
2.55,0.9014922888246998
2.5599999999999996,0.7900259309352136
2.5700000000000003,0.07766350633824654
2.58,1.233012427395972
2.59,0.7349570395280224
2.5999999999999996,0.16163841042446087
2.6100000000000003,0.8514653039742566
2.62,0.9524564408770453
2.63,-0.02178991133753394
2.6399999999999997,1.4982396943909584
2.6500000000000004,1.4392587561212262
2.66,1.3354231023896768
2.67,1.7479958123573958
2.6799999999999997,0.5117030338528628
2.6900000000000004,1.732260672743758
2.7,0.26751907838483846
2.71,0.8409885199714993
2.7199999999999998,1.1107636643525063
2.7300000000000004,0.589924439496345
2.74,0.20770094318657983
2.75,0.8927443930695769
2.76,1.0716780858941162
2.7699999999999996,0.19659398491026625
2.7800000000000002,1.712981960257645
2.79,1.7589703707923516
2.8,0.15758702912734168
2.8099999999999996,0.2086057975102591
2.8200000000000003,0.5202568509498602
2.83,0.6503897846989963
2.84,1.6304597597413748
2.8499999999999996,1.2084679456660226
2.8600000000000003,0.09103308641151486
2.87,0.03880994249983816
2.88,1.1639461414623073
2.8899999999999997,1.7503221117769314
2.9000000000000004,1.120558728786023
2.91,-0.0991779327116109
2.92,-0.20758579922599563
2.9299999999999997,0.11097000339250906
2.9400000000000004,1.671039458527879
2.95,1.4768933592003566
2.96,-0.2790932714410832
2.9699999999999998,0.7533265288942698
2.9800000000000004,0.30934246689222766
2.99,0.3974407696930121
3.0,-0.4272948511156695
3.01,0.4642443579747482
3.0199999999999996,-0.08720626559017097
3.0299999999999994,0.763812281599618
3.039999999999999,0.9656508285098225
3.0500000000000007,0.14624053132555703
3.0600000000000005,-0.3476124528947662
3.0700000000000003,0.5709375935802454
3.08,-0.8146629885837919
3.09,-0.6772542884434146
3.0999999999999996,-0.9290582668975728
3.1099999999999994,0.7197523638989384
3.119999999999999,-0.8372488525573947
3.130000000000001,-0.440911415322131
3.1400000000000006,-0.8555495749150465
3.1500000000000004,-1.2086571204075032
3.16,-0.03408287528322784
3.17,0.20652272248718773
3.1799999999999997,-1.2518934707959546
3.1899999999999995,-1.2588951829378157
3.1999999999999993,-1.4204426057168966
3.210000000000001,-0.8557999688068357
3.2200000000000006,-0.9558124518081177
3.2300000000000004,-1.2799452286612316
3.24,-1.126233097204731
3.25,-1.4759092995614398
3.26,-1.0327810239536181
3.2699999999999996,-0.6582194747264591
3.2799999999999994,-1.6478395359791953
3.289999999999999,-1.0835559133319412
3.3000000000000007,-1.7974507642708069
3.3100000000000005,-0.11264205611797651
3.3200000000000003,-0.47807663458055916
3.33,-1.2915228304847157
3.34,-0.16231558383184397
3.3499999999999996,-1.8230977158958255
3.3599999999999994,-1.4573439291733248
3.369999999999999,-0.8734380550281585
3.380000000000001,-0.7885584186493537
3.3900000000000006,-0.8647468653214552
3.4000000000000004,-0.8121383395437686
3.41,-1.1677369325308007
3.42,-1.605820509252328
3.4299999999999997,-0.5593816850862904
3.4399999999999995,-0.9076302893568055
3.4499999999999993,-0.31485388533983316
3.460000000000001,-0.7969395673040639
3.4700000000000006,-0.931184002604071
3.4800000000000004,-0.23906933709125255
3.49,-1.0296608300757863
3.5,-0.3105217801547262
3.51,-0.9679382114121913
3.5199999999999996,-0.12235867866367367
3.5299999999999994,-0.8436210972388763
3.539999999999999,-0.36853709212185753
3.5500000000000007,0.16004203084586655
3.5600000000000005,1.0827833035639962
3.5700000000000003,0.07891824587643098
3.58,-0.2779631208278357
3.59,0.3823062682203587
3.5999999999999996,0.5730666592118638
3.6099999999999994,0.3384050204608544
3.619999999999999,0.8651574259181977
3.630000000000001,-0.3552081800342942
3.6400000000000006,-0.36681969345199605
3.6500000000000004,0.6548756841520219
3.66,0.27403787216967546
3.67,0.32957883331197346
3.6799999999999997,1.5209571712569825
3.6899999999999995,-0.05946020591353729
3.6999999999999993,-0.08770284750076796
3.710000000000001,0.8457562185041692
3.7200000000000006,0.005373201710510367
3.7300000000000004,0.9308701645650045
3.74,0.22655496832032085
3.75,0.9205749354896534
3.76,1.296022623245681
3.7699999999999996,0.35746239765186905
3.7799999999999994,0.08976630297983235
3.789999999999999,1.0438697057725004
3.8000000000000007,1.1046454606904643
3.8100000000000005,0.8509938464918467
3.8200000000000003,0.407785981439476
3.83,1.5050570635789822
3.84,1.1437403144493175
3.8499999999999996,0.03019782127560422
3.8599999999999994,-0.06263163825074824
3.869999999999999,0.5108648157619438
3.880000000000001,1.494274153049448
3.8900000000000006,0.562877468901895
3.9000000000000004,-0.47794956557496593
3.91,-0.016681545558998978
3.92,0.9640012594850628
3.9299999999999997,-0.622381744576193
3.9399999999999995,1.1731272607540326
3.9499999999999993,-0.1885946104365584
3.960000000000001,0.8099298981266126
3.9700000000000006,0.6600103703668556
3.9800000000000004,-0.7937846775870933
3.99,0.5662500008617025
4.0,0.013016019073367469
4.01,-0.21513510628862476
4.02,-0.010304405424719776
4.029999999999999,-1.0114404174224907
4.039999999999999,-1.3297836075661016
4.050000000000001,-0.08391526314170616
4.0600000000000005,-1.2303659518891046
4.07,-0.08147173851790468
4.08,0.008586013287692151
4.09,-0.35147238456946406
4.1,-1.4934264026136668
4.109999999999999,-1.237692985233668
4.119999999999999,-0.9718557719540514
4.130000000000001,-1.2286426699168822
4.140000000000001,-1.3071293790522251
4.15,-1.9244575375905832
4.16,-1.1552513065682308
4.17,1.1817297735583487E-5
4.18,-0.2850031405585425
4.1899999999999995,-1.6066471433801093
4.199999999999999,-1.5688067379350419
4.210000000000001,-0.6459933259400629
4.220000000000001,-1.5165678270854706
4.23,-0.9525758361241717
4.24,-0.35582312826910134
4.25,-1.2496637418702807
4.26,-0.22657284097642905
4.27,-0.6153216589904162
4.279999999999999,-0.8233318762525386
4.289999999999999,-0.6627753034957988
4.300000000000001,-0.9969800463429768
4.3100000000000005,0.5381799392784536
4.32,0.38952002614402725
4.33,-0.8895780643193362
4.34,0.020245775807606954
4.35,0.6996200537632262
4.359999999999999,0.8529761689131579
4.369999999999999,-0.5658563095311087
4.380000000000001,-0.12049877534655945
4.390000000000001,0.7038562796316298
4.4,-0.13202914728715143
4.41,0.2311374659536185
4.42,1.5575313320747703
4.43,1.659619962631343
4.4399999999999995,0.238885078428965
4.449999999999999,0.811243976853519
4.460000000000001,1.0925251947897927
4.470000000000001,0.3466513879668651
4.48,0.13370125620837292
4.49,0.5752413895616442
4.5,1.725359482417352
4.51,1.1482155141126107
4.52,1.994335590858147
4.529999999999999,1.1607346408295598
4.539999999999999,0.28015072987825895
4.550000000000001,1.3992175910824651
4.5600000000000005,0.1493361714632946
4.57,0.9894126885529108
4.58,0.24198315781589264
4.59,0.20399364457536218
4.6,1.0331434796767065
4.609999999999999,0.6301525113156952
4.619999999999999,-0.2270130317620539
4.630000000000001,1.014309006316562
4.640000000000001,-0.26928290140093775
4.65,0.9102068596218964
4.66,1.253850134368297
4.67,-0.4428454738676904
4.68,-0.056464291262705246
4.6899999999999995,-0.7129381131488779
4.699999999999999,-0.15366310278564385
4.710000000000001,-0.9364376886985171
4.720000000000001,-0.5872500036302245
4.73,-0.36354062648897617
4.74,0.04343235545975338
4.75,0.17383929174546697
4.76,-0.6624279286239905
4.77,-1.6824923734347477
4.779999999999999,-0.7927195237289276
4.789999999999999,-0.6187144547157338
4.800000000000001,-1.608231180704219
4.8100000000000005,-0.8562988072745702
4.82,-0.3089097545038262
4.83,-0.5744273148178425
4.84,-0.4316633793143344
4.85,-0.2810238551008606
4.859999999999999,-1.7004178562505623
4.869999999999999,-0.34154932824923445
4.880000000000001,-0.7279843741100208
4.890000000000001,-0.5094046472723144
4.9,-0.4366979718227896
4.91,0.07828508469651185
4.92,-1.1687836597199035
4.93,-0.17434792658201304
4.9399999999999995,-0.4147996839406173
4.949999999999999,-0.5339223976580088
4.960000000000001,-1.0848383320855624
4.970000000000001,0.4352891663396212
4.98,0.06326381650725216
4.99,-0.1459060071337069
